c,35208, s,33832, m,1376
772, illustrator, 19357488
1722, 東方, 18155309
7764, 日常, 18945981
9882, ひだまりスケッチ, 16018518
1722, 東方, 18582898
37754, 処女はお姉さまに恋してる, 18378550
3117, サークルカット, 22709512
746, 版権, 18331071
15924, SoundHorizon, 21060887
1494, ドット絵, 19258804
1748, スイートプリキュア, 18806092
, , 24686298
12728, アイドルマスターシンデレラガールズ, 26865066
1722, 東方, 17354486
9102, カードファイト!!ヴァンガード, 17085401
24235, CAVE, 16373305
11570, Steins;Gate, 20361619
8318, サイボーグ, 23105850
1008, ハートキャッチプリキュア, 16239875
3413, コミケ, 29130744
14800, GA芸術科アートデザインクラス, 16603023
, , 16828513
, , 22475860
13889, ベヨネッタ, 19205609
9535, あの日見た花の名前を僕達はまだ知らない。, 20093264
3117, サークルカット, 19370110
3, 百合, 26005995
310, アイドルマスター, 19115913
, , 16984500
3117, サークルカット, 19357438
1722, 東方, 24896337
, , 20460021
, , 16397425
2313, ぱんつ, 17776816
754, らくがき, 15839562
228, 漫画, 22260328
, , 18775695
, , 19310724
7691, サンクリ, 21214070
1710, ローゼンメイデン, 18378534
16, 女の子, 17808969
1722, 東方, 17394009
1722, 東方, 17372982
1722, 東方, 17334385
1722, 東方, 17313757
1722, 東方, 17298375
1722, 東方, 17281547
1722, 東方, 17182726
1722, 東方, 17138764
2267, 壁紙, 17698957
2267, 壁紙, 17558914
228, 漫画, 18515343
10057, プリキュア5, 16575871
16749, 岩倉玲音, 19029248
, , 16958662
15986, 仮面ライダーOOO, 23871504
14800, GA芸術科アートデザインクラス, 18332252
, , 17364937
291, 初音ミク, 19304056
, , 24255750
, , 17558996
746, 版権, 17431100
12456, ポケモンBW, 16860622
746, 版権, 17089973
, , 27972687
1722, 東方, 27382109
15414, モンスターエンジン, 18596176
2671, あいさつの魔法。, 17407337
2644, TIGER&BUNNY, 20887314
, , 17209546
1722, 東方, 18983999
746, 版権, 18377621
21021, ブラスレイター, 18365501
, , 17269865
818, 塗ってもいいのよ, 17128257
361, 藍澤光, 19113054
, , 17978819
16759, WORKING!!, 18337734
, , 19226065
, , 18656846
, , 18656605
12101, よんでますよ、アザゼルさん。, 23959407
1243, けいおん!, 16555280
1722, 東方, 18673831
, , 23123295
1243, けいおん!, 18525531
12240, カイジ, 18808498
11570, Steins;Gate, 21822148
11570, Steins;Gate, 21668881
3377, 三月精, 17588126
16755, みつどもえ, 18055086
310, アイドルマスター, 17628587
310, アイドルマスター, 17622552
310, アイドルマスター, 17389955
228, 漫画, 20139555
, , 21193089
35958, 真夏の夜の淫夢, 30574354
, , 25727845
, , 23007649
23, 落書き, 16255938
7764, 日常, 18924820
746, 版権, 21631197
746, 版権, 21574814
, , 26673068
275266, ニコッと, 18346947
, , 24844561
, , 19613023
746, 版権, 21499072
11570, Steins;Gate, 17747603
1748, スイートプリキュア, 16958032
11570, Steins;Gate, 19589578
11570, Steins;Gate, 19471615
746, 版権, 18612578
746, 版権, 17648879
746, 版権, 17131244
, , 16331546
1722, 東方, 28146203
12772, マリア様がみてる, 28472800
539, 4コマ, 16271978
, , 18073767
, , 17251417
7835, インフィニット・ストラトス, 16610530
24378, ロックマンX, 17804600
16123, 2011絵師進化録, 24166040
2906, まりあ†ほりっく, 18304440
12772, マリア様がみてる, 24122820
9780, アーマードコア, 17690078
, , 23048998
, , 17385907
, , 17560499
, , 17561335
8842, 世界樹の迷宮, 19060605
3312, 性転換, 17422060
, , 16986159
, , 17132338
1722, 東方, 18116139
551, らき☆すた, 19566423
551, らき☆すた, 19302340
1722, 東方, 25678810
80384, サウスパーク, 17536977
, , 17374601
1722, 東方, 17035896
1722, 東方, 16388078
13754, むせる, 17209874
, , 26818956
, , 28880867
, , 24298441
, , 24258071
, , 24254376
, , 24103589
, , 18442849
551, らき☆すた, 17831969
, , 16629064
, , 19371675
, , 17014425
7764, 日常, 20803913
, , 17773327
754, らくがき, 24115311
3413, コミケ, 20714003
3, 百合, 26155102
488, VOCALOID, 20458331
, , 18621623
, , 18334167
10534, リリカルなのは, 16658100
, , 26521379
, , 25167642
23532, 地獄のミサワ, 18575728
, , 20238725
310, アイドルマスター, 26289940
7764, 日常, 21667913
42684, 這いよれ!ニャル子さん, 27334408
2644, TIGER&BUNNY, 18921075
66550, フォント, 18854083
66550, フォント, 18599749
66550, フォント, 18277865
11570, Steins;Gate, 20097887
11570, Steins;Gate, 19611108
16805, メダロット, 29149794
16805, メダロット, 23312290
, , 20905151
, , 25990128
, , 19103311
1722, 東方, 17024475
7915, ブレイブルー, 24417403
7915, ブレイブルー, 24394948
, , 23892497
19931, ティーンタイタンズ, 20758225
6, オリジナル, 19466683
, , 18936776
539, 4コマ, 30826261
539, 4コマ, 30808719
539, 4コマ, 30798875
228, 漫画, 23643561
, , 18448388
, , 29310025
, , 18747226
, , 18367214
1722, 東方, 16685007
7764, 日常, 30686503
138181, エルフェンリート, 23035931
12187, 俺得, 29726477
12848, Fate/Zero, 25501101
9222, 機動戦艦ナデシコ, 25196641
16745, たまゆら～hitotose～, 23929285
834, ポケモン, 18314541
228, 漫画, 17913760
1595, ひぐらしのなく頃に, 19311564
, , 17241286
54213, 吾妻ひでお, 18499893
24807, パワパフZ, 25684714
228, 漫画, 19578989
228, 漫画, 29252983
310, アイドルマスター, 26250382
12678, 消しゴムはんこ, 27883906
3, 百合, 17695336
, , 18485350
17728, ゾイド, 23931315
7915, ブレイブルー, 18267735
228, 漫画, 18301060
, , 18330571
, , 17931777
, , 17569337
818, 塗ってもいいのよ, 16607471
, , 18408684
, , 17772121
310, アイドルマスター, 16659235
, , 18329635
969, フレッシュプリキュア, 24141580
969, フレッシュプリキュア, 23685418
969, フレッシュプリキュア, 17847343
29919, FF5, 17143056
8652, ストライクウィッチーズ, 18527494
228, 漫画, 25349462
2242, 銀魂, 20312699
1722, 東方, 17125861
818, 塗ってもいいのよ, 17149457
1722, 東方, 17786921
, , 30671877
36477, 松本零士, 27191328
2756, とある魔術の禁書目録, 17170465
, , 16971942
19657, キン肉マン, 17381125
23797, モーレツ宇宙海賊, 24406310
2199, ヘタリア, 16437240
, , 23946703
298, うみねこのなく頃に, 19566535
, , 16964840
3117, サークルカット, 19391210
2468, ケモノ, 17941021
834, ポケモン, 16845269
1452, リアル, 28805640
7764, 日常, 17995893
17365, 氷菓, 27038335
, , 16845111
3, 百合, 19620480
57171, 竹本泉, 24672169
2127, R-18, 23914965
35958, 真夏の夜の淫夢, 19962278
918, アナログ, 26945105
, , 20983234
, , 20382413
, , 20237153
, , 20041037
, , 16521691
2766, かんなぎ, 17612754
16759, WORKING!!, 17530878
2468, ケモノ, 28418472
2468, ケモノ, 28099540
2468, ケモノ, 26885329
2127, R-18, 21618552
, , 18821731
25855, Jリーグ, 20415422
2323, 絵チャ, 22620810
2323, 絵チャ, 19197254
1722, 東方, 21751646
3203, スク水, 26597087
2127, R-18, 18327286
1710, ローゼンメイデン, 22762651
1722, 東方, 22659472
228, 漫画, 21717765
13744, 輪るピングドラム, 24997758
2840, ななついろ★ドロップス, 16736240
2127, R-18, 19402682
2644, TIGER&BUNNY, 19816436
, , 30867333
7704, 咲-saki-, 21312622
2930, ぽぽぽぽーん, 17660782
2930, ぽぽぽぽーん, 17659142
2930, ぽぽぽぽーん, 17635524
, , 29752624
, , 18516805
2671, あいさつの魔法。, 17404442
2323, 絵チャ, 17356284
2323, 絵チャ, 17355272
2323, 絵チャ, 17350347
4198, C82, 29104497
1029, VOCALOID亜種, 18276588
1722, 東方, 29790597
11570, Steins;Gate, 17017891
126989, フリージング, 19117074
60691, チャージマン研!, 23042164
15986, 仮面ライダーOOO, 19467961
2199, ヘタリア, 18123553
7835, インフィニット・ストラトス, 18097770
7835, インフィニット・ストラトス, 17665941
, , 18150881
, , 18959486
2634, メカ, 19498215
23358, ぽっちゃり, 27035758
23358, ぽっちゃり, 17930183
16123, 2011絵師進化録, 23505055
551, らき☆すた, 18204284
, , 17667094
, , 24400179
1722, 東方, 16598699
9535, あの日見た花の名前を僕達はまだ知らない。, 19554497
26780, さよなら絶望先生, 17665462
25544, たまごっち, 20233993
25544, たまごっち, 17472795
328286, オリたま, 17188823
310, アイドルマスター, 24677551
28898, 仮面ライダーカブト, 19242937
8549, DTB, 17500878
969, フレッシュプリキュア, 16891656
551, らき☆すた, 16470515
33783, C, 18982355
746, 版権, 26268381
, , 19509402
, , 30751423
1458, デザイン, 19929220
2634, メカ, 20093096
2634, メカ, 18600969
2634, メカ, 17258628
16420, ゆるゆり, 22273882
551, らき☆すた, 16637418
2756, とある魔術の禁書目録, 21152249
47, 裸足, 21188610
3128, むちむち, 20237994
923, イメレス, 16468166
8598, とある科学の超電磁砲, 18048821
, , 17563809
7764, 日常, 21649617
1722, 東方, 19914029
6, オリジナル, 19410716
9535, あの日見た花の名前を僕達はまだ知らない。, 23767825
3, 百合, 18921966
1507, パロディ, 17775723
1507, パロディ, 17432050
1507, パロディ, 17309484
1507, パロディ, 16811442
1507, パロディ, 16621674
1507, パロディ, 16449357
1722, 東方, 23641435
11570, Steins;Gate, 18956734
, , 17930283
, , 27114873
60691, チャージマン研!, 23976591
2644, TIGER&BUNNY, 20989035
, , 18314509
17508, ときめきメモリアル4, 18662624
74383, ザマギ, 17039533
, , 16235810
834, ポケモン, 30459926
8642, スマイルプリキュア, 30517620
2671, あいさつの魔法。, 17807242
1722, 東方, 18998142
1722, 東方, 18700668
1722, 東方, 16917771
1243, けいおん!, 29509689
1243, けいおん!, 17208198
10534, リリカルなのは, 16958111
, , 18429638
10838, 三橋廉, 19420634
818, 塗ってもいいのよ, 17781239
1243, けいおん!, 16758280
10534, リリカルなのは, 16837204
754, らくがき, 18326619
9882, ひだまりスケッチ, 16552567
1722, 東方, 16273377
36743, ヒカルの碁, 28974939
, , 29982902
3, 百合, 28977996
, , 18524465
12064, 【企画】誕生日、祝ってほしくなんかないんだからね!!, 17881163
228, 漫画, 21078933
10558, iPad, 22124503
1024, 護法少女ソワカちゃん, 16302916
, , 18309746
, , 29070891
1178, パンツ, 25879300
3, 百合, 27193525
, , 27192120
51, 眼鏡, 19283831
7764, 日常, 18804257
, , 18339230
3117, サークルカット, 19358765
, , 18102477
20807, ロゴ, 24554174
20807, ロゴ, 24255737
12062, イナズマイレブン, 20533771
, , 18550360
, , 25207852
3121, 化物語, 16897550
6, オリジナル, 30200905
3184, 戯言シリーズ, 17522452
15687, 版権物, 24349353
834, ポケモン, 16762990
310, アイドルマスター, 21444983
18444, TOG, 19878528
291, 初音ミク, 22350803
9021, SC55, 26551854
, , 20053605
, , 17106147
1722, 東方, 16693599
551, らき☆すた, 17886406
, , 22545054
9903, 咎狗の血, 18948526
12064, 【企画】誕生日、祝ってほしくなんかないんだからね!!, 25758192
, , 18725313
, , 25986242
, , 25558137
, , 16735709
12848, Fate/Zero, 22707578
12848, Fate/Zero, 22682245
12848, Fate/Zero, 22623100
8440, メイキング, 19173717
, , 19019907
23919, ゲッターロボ, 18357210
8652, ストライクウィッチーズ, 21126243
8652, ストライクウィッチーズ, 18967928
, , 30606639
, , 30513841
, , 24766784
, , 19539791
9156, TRPG, 27345369
1969, ガンダム00, 17837625
16100, マカロン, 18190342
3121, 化物語, 20797219
1722, 東方, 17305462
12777, ジョジョ, 18501373
, , 25228264
298, うみねこのなく頃に, 17132735
2564, 東日本大震災, 17639871
8642, スマイルプリキュア, 25779161
918, アナログ, 18941338
, , 29134829
, , 18574568
8642, スマイルプリキュア, 27748226
17535, 早川あおい, 17547109
2323, 絵チャ, 16987777
551, らき☆すた, 16419362
2242, 銀魂, 17032813
14247, パーマン, 29436577
10698, DOGDAYS, 18836967
3, 百合, 29344430
, , 27055739
1722, 東方, 22348808
1722, 東方, 22312193
, , 18741734
, , 18505107
, , 18498301
4198, C82, 29241314
3117, サークルカット, 19358243
945, ドラえもん, 18315307
16325, サザエさん, 17896104
, , 18639972
2278, MGS, 18220531
1722, 東方, 17394323
11570, Steins;Gate, 18599609
11570, Steins;Gate, 17325979
13260, 仮面ライダーW, 16831561
2644, TIGER&BUNNY, 19799043
2644, TIGER&BUNNY, 19449282
2644, TIGER&BUNNY, 19346463
2644, TIGER&BUNNY, 19299592
2505, コブラ, 19222482
1494, ドット絵, 19126746
, , 18791193
, , 18774256
, , 18773656
, , 25919924
1722, 東方, 19344740
, , 18447628
, , 19014147
, , 27356938
12678, 消しゴムはんこ, 21901013
, , 22664431
10159, STARDRIVER, 18048765
1243, けいおん!, 17142453
1722, 東方, 24012058
8642, スマイルプリキュア, 30176779
131233, うぽって!!, 28516447
3, 百合, 26315233
65101, パパのいうことを聞きなさい!, 26062827
65101, パパのいうことを聞きなさい!, 25543800
65101, パパのいうことを聞きなさい!, 25175860
, , 17047126
7065, なにこれこわい, 19910829
10534, リリカルなのは, 17152110
10534, リリカルなのは, 16627377
, , 17693492
, , 27320747
754, らくがき, 18755544
, , 17382317
224, ペルソナ4, 19250953
3197, ペルソナ, 17805655
228, 漫画, 23249568
9882, ひだまりスケッチ, 17470105
13556, FSS, 21284081
907, モンハン, 19951870
7835, インフィニット・ストラトス, 18872688
, , 18354439
, , 24823161
16890, ゆめにっき, 25960112
16890, ゆめにっき, 24230503
16890, ゆめにっき, 24181823
16890, ゆめにっき, 24133684
16890, ゆめにっき, 22143097
16890, ゆめにっき, 20255720
16890, ゆめにっき, 20131750
, , 17489969
3320, ニトロプラス, 18734994
310, アイドルマスター, 17155570
11441, テイルズ, 19850163
, , 18325018
12113, クロノクロス, 18334777
, , 19306437
1722, 東方, 23332981
12938, リトルバスターズ!, 17869897
, , 30439292
1722, 東方, 18564627
11570, Steins;Gate, 20157114
, , 19195391
1243, けいおん!, 20824036
10534, リリカルなのは, 16864087
, , 19120320
, , 17925862
, , 17664980
288, P1グランプリ2011, 21201359
20807, ロゴ, 17759959
, , 18895999
, , 18895918
12938, リトルバスターズ!, 29392616
2684, AngelBeats!, 21395323
7691, サンクリ, 24423966
3117, サークルカット, 24153963
, , 21048670
1494, ドット絵, 19281168
, , 24708861
540, 4コマ漫画, 18901022
, , 18744969
310, アイドルマスター, 19767622
18306, BLAME!, 18307795
9620, アメコミ, 18098457
2671, あいさつの魔法。, 17551333
11570, Steins;Gate, 21696437
1506, ガンダム, 23281101
15052, Another, 26599682
, , 18342582
818, 塗ってもいいのよ, 17370302
738, FEZ, 15993705
1722, 東方, 16998269
, , 19546653
6, オリジナル, 24295214
4309, あの夏で待ってる, 26005454
515, マクロスF, 18562998
14290, 遊戯王OCG, 19484225
, , 29194665
3117, サークルカット, 19358428
, , 18111712
, , 17841035
1722, 東方, 19124113
, , 25778707
, , 17418745
, , 18326181
, , 25291690
12728, アイドルマスターシンデレラガールズ, 29293047
16749, 岩倉玲音, 18891305
11570, Steins;Gate, 20189816
23919, ゲッターロボ, 22578887
1506, ガンダム, 19892996
228, 漫画, 25775772
3203, スク水, 20821409
310, アイドルマスター, 23347263
, , 22027969
2684, AngelBeats!, 18549235
9420, カービィ, 16445092
, , 23850768
, , 16991349
3, 百合, 27592769
310, アイドルマスター, 30515937
1243, けいおん!, 16384035
1722, 東方, 17213812
1494, ドット絵, 29306282
1494, ドット絵, 25289778
1494, ドット絵, 19731821
803, 線画, 18350751
887, ゲーム, 26843707
1722, 東方, 17221987
, , 19899840
, , 18371644
, , 30167964
, , 16886427
, , 17804249
1243, けいおん!, 27321450
1243, けいおん!, 27301717
9882, ひだまりスケッチ, 21377955
12101, よんでますよ、アザゼルさん。, 19647164
3137, めだかボックス, 26103416
818, 塗ってもいいのよ, 17105878
, , 24353727
27083, 君が望む永遠, 17530318
35724, レベルE, 17283826
1722, 東方, 19380490
1722, 東方, 19361578
1722, 東方, 19314573
1722, 東方, 19211128
1722, 東方, 19186624
1722, 東方, 19164242
1722, 東方, 19142082
1722, 東方, 19121166
1722, 東方, 19033676
1722, 東方, 18651680
1722, 東方, 18608101
1722, 東方, 18573510
1722, 東方, 18526689
12193, ベジ絵のススメ, 29602067
8667, 侵略!イカ娘, 16496134
, , 16941478
13260, 仮面ライダーW, 20332029
1722, 東方, 18922862
1722, 東方, 18865121
803, 線画, 18256952
7752, 尻神様, 17654885
291, 初音ミク, 16478916
3312, 性転換, 16199236
, , 17782178
, , 25516706
3238, マブラヴ, 24235492
1722, 東方, 18351736
992, Zガンダム, 21926583
1008, ハートキャッチプリキュア, 18544947
, , 29900514
16, 女の子, 27562636
16, 女の子, 26810063
16, 女の子, 26809869
, , 19283818
7835, インフィニット・ストラトス, 17062107
, , 17532598
23077, 平野耕太, 18626222
918, アナログ, 18641666
, , 30182671
, , 25229366
, , 30672198
1506, ガンダム, 17903711
558, 3D, 16986922
1722, 東方, 16625607
874, ポップン, 17978259
568, バカとテストと召喚獣, 21859507
7835, インフィニット・ストラトス, 17694977
1722, 東方, 20755702
, , 29257389
551, らき☆すた, 17157643
, , 24673222
3117, サークルカット, 24887262
74551, 膨腹, 20760141
74551, 膨腹, 19888841
161, 企画目録, 18324742
, , 16475893
, , 18241736
7835, インフィニット・ストラトス, 17179303
8502, ARIA, 19225836
12772, マリア様がみてる, 19473967
12772, マリア様がみてる, 17177266
20163, 輪廻のラグランジェ, 25260844
16617, 花咲くいろは, 20942992
23358, ぽっちゃり, 17746038
, , 18144079
, , 16869759
, , 16411758
, , 16251166
, , 16119384
, , 17635117
731, 告知, 23256534
1722, 東方, 22882040
551, らき☆すた, 16966281
551, らき☆すた, 16910110
, , 16600116
772, illustrator, 19357488
1722, 東方, 18155309
7764, 日常, 18945981
9882, ひだまりスケッチ, 16018518
1722, 東方, 18582898
37754, 処女はお姉さまに恋してる, 18378550
3117, サークルカット, 22709512
746, 版権, 18331071
15924, SoundHorizon, 21060887
1494, ドット絵, 19258804
1748, スイートプリキュア, 18806092
, , 24686298
12728, アイドルマスターシンデレラガールズ, 26865066
1722, 東方, 17354486
9102, カードファイト!!ヴァンガード, 17085401
24235, CAVE, 16373305
11570, Steins;Gate, 20361619
8318, サイボーグ, 23105850
1008, ハートキャッチプリキュア, 16239875
3413, コミケ, 29130744
14800, GA芸術科アートデザインクラス, 16603023
, , 16828513
, , 22475860
13889, ベヨネッタ, 19205609
9535, あの日見た花の名前を僕達はまだ知らない。, 20093264
3117, サークルカット, 19370110
3, 百合, 26005995
310, アイドルマスター, 19115913
, , 16984500
3117, サークルカット, 19357438
1722, 東方, 24896337
, , 20460021
, , 16397425
2313, ぱんつ, 17776816
754, らくがき, 15839562
228, 漫画, 22260328
, , 18775695
, , 19310724
7691, サンクリ, 21214070
1710, ローゼンメイデン, 18378534
16, 女の子, 17808969
1722, 東方, 17394009
1722, 東方, 17372982
1722, 東方, 17334385
1722, 東方, 17313757
1722, 東方, 17298375
1722, 東方, 17281547
1722, 東方, 17182726
1722, 東方, 17138764
2267, 壁紙, 17698957
2267, 壁紙, 17558914
228, 漫画, 18515343
10057, プリキュア5, 16575871
16749, 岩倉玲音, 19029248
, , 16958662
15986, 仮面ライダーOOO, 23871504
14800, GA芸術科アートデザインクラス, 18332252
, , 17364937
291, 初音ミク, 19304056
, , 24255750
, , 17558996
746, 版権, 17431100
12456, ポケモンBW, 16860622
746, 版権, 17089973
, , 27972687
1722, 東方, 27382109
15414, モンスターエンジン, 18596176
2671, あいさつの魔法。, 17407337
2644, TIGER&BUNNY, 20887314
, , 17209546
1722, 東方, 18983999
746, 版権, 18377621
21021, ブラスレイター, 18365501
, , 17269865
818, 塗ってもいいのよ, 17128257
361, 藍澤光, 19113054
, , 17978819
16759, WORKING!!, 18337734
, , 19226065
, , 18656846
, , 18656605
12101, よんでますよ、アザゼルさん。, 23959407
1243, けいおん!, 16555280
1722, 東方, 18673831
, , 23123295
1243, けいおん!, 18525531
12240, カイジ, 18808498
11570, Steins;Gate, 21822148
11570, Steins;Gate, 21668881
3377, 三月精, 17588126
16755, みつどもえ, 18055086
310, アイドルマスター, 17628587
310, アイドルマスター, 17622552
310, アイドルマスター, 17389955
228, 漫画, 20139555
, , 21193089
35958, 真夏の夜の淫夢, 30574354
, , 25727845
, , 23007649
23, 落書き, 16255938
7764, 日常, 18924820
746, 版権, 21631197
746, 版権, 21574814
, , 26673068
275266, ニコッと, 18346947
, , 24844561
, , 19613023
746, 版権, 21499072
11570, Steins;Gate, 17747603
1748, スイートプリキュア, 16958032
11570, Steins;Gate, 19589578
11570, Steins;Gate, 19471615
746, 版権, 18612578
746, 版権, 17648879
746, 版権, 17131244
, , 16331546
1722, 東方, 28146203
12772, マリア様がみてる, 28472800
539, 4コマ, 16271978
, , 18073767
, , 17251417
7835, インフィニット・ストラトス, 16610530
24378, ロックマンX, 17804600
16123, 2011絵師進化録, 24166040
2906, まりあ†ほりっく, 18304440
12772, マリア様がみてる, 24122820
9780, アーマードコア, 17690078
, , 23048998
, , 17385907
, , 17560499
, , 17561335
8842, 世界樹の迷宮, 19060605
3312, 性転換, 17422060
, , 16986159
, , 17132338
1722, 東方, 18116139
551, らき☆すた, 19566423
551, らき☆すた, 19302340
1722, 東方, 25678810
80384, サウスパーク, 17536977
, , 17374601
1722, 東方, 17035896
1722, 東方, 16388078
13754, むせる, 17209874
, , 26818956
, , 28880867
, , 24298441
, , 24258071
, , 24254376
, , 24103589
, , 18442849
551, らき☆すた, 17831969
, , 16629064
, , 19371675
, , 17014425
7764, 日常, 20803913
, , 17773327
754, らくがき, 24115311
3413, コミケ, 20714003
3, 百合, 26155102
488, VOCALOID, 20458331
, , 18621623
, , 18334167
10534, リリカルなのは, 16658100
, , 26521379
, , 25167642
23532, 地獄のミサワ, 18575728
, , 20238725
310, アイドルマスター, 26289940
7764, 日常, 21667913
42684, 這いよれ!ニャル子さん, 27334408
2644, TIGER&BUNNY, 18921075
66550, フォント, 18854083
66550, フォント, 18599749
66550, フォント, 18277865
11570, Steins;Gate, 20097887
11570, Steins;Gate, 19611108
16805, メダロット, 29149794
16805, メダロット, 23312290
, , 20905151
, , 25990128
, , 19103311
1722, 東方, 17024475
7915, ブレイブルー, 24417403
7915, ブレイブルー, 24394948
, , 23892497
19931, ティーンタイタンズ, 20758225
6, オリジナル, 19466683
, , 18936776
539, 4コマ, 30826261
539, 4コマ, 30808719
539, 4コマ, 30798875
228, 漫画, 23643561
, , 18448388
, , 29310025
, , 18747226
, , 18367214
1722, 東方, 16685007
7764, 日常, 30686503
138181, エルフェンリート, 23035931
12187, 俺得, 29726477
12848, Fate/Zero, 25501101
9222, 機動戦艦ナデシコ, 25196641
16745, たまゆら～hitotose～, 23929285
834, ポケモン, 18314541
228, 漫画, 17913760
1595, ひぐらしのなく頃に, 19311564
, , 17241286
54213, 吾妻ひでお, 18499893
24807, パワパフZ, 25684714
228, 漫画, 19578989
228, 漫画, 29252983
310, アイドルマスター, 26250382
12678, 消しゴムはんこ, 27883906
3, 百合, 17695336
, , 18485350
17728, ゾイド, 23931315
7915, ブレイブルー, 18267735
228, 漫画, 18301060
, , 18330571
, , 17931777
, , 17569337
818, 塗ってもいいのよ, 16607471
, , 18408684
, , 17772121
310, アイドルマスター, 16659235
, , 18329635
969, フレッシュプリキュア, 24141580
969, フレッシュプリキュア, 23685418
969, フレッシュプリキュア, 17847343
29919, FF5, 17143056
8652, ストライクウィッチーズ, 18527494
228, 漫画, 25349462
2242, 銀魂, 20312699
1722, 東方, 17125861
818, 塗ってもいいのよ, 17149457
1722, 東方, 17786921
, , 30671877
36477, 松本零士, 27191328
2756, とある魔術の禁書目録, 17170465
, , 16971942
19657, キン肉マン, 17381125
23797, モーレツ宇宙海賊, 24406310
2199, ヘタリア, 16437240
, , 23946703
298, うみねこのなく頃に, 19566535
, , 16964840
3117, サークルカット, 19391210
2468, ケモノ, 17941021
834, ポケモン, 16845269
1452, リアル, 28805640
7764, 日常, 17995893
17365, 氷菓, 27038335
, , 16845111
3, 百合, 19620480
57171, 竹本泉, 24672169
2127, R-18, 23914965
35958, 真夏の夜の淫夢, 19962278
918, アナログ, 26945105
, , 20983234
, , 20382413
, , 20237153
, , 20041037
, , 16521691
2766, かんなぎ, 17612754
16759, WORKING!!, 17530878
2468, ケモノ, 28418472
2468, ケモノ, 28099540
2468, ケモノ, 26885329
2127, R-18, 21618552
, , 18821731
25855, Jリーグ, 20415422
2323, 絵チャ, 22620810
2323, 絵チャ, 19197254
1722, 東方, 21751646
3203, スク水, 26597087
2127, R-18, 18327286
1710, ローゼンメイデン, 22762651
1722, 東方, 22659472
228, 漫画, 21717765
13744, 輪るピングドラム, 24997758
2840, ななついろ★ドロップス, 16736240
2127, R-18, 19402682
2644, TIGER&BUNNY, 19816436
, , 30867333
7704, 咲-saki-, 21312622
2930, ぽぽぽぽーん, 17660782
2930, ぽぽぽぽーん, 17659142
2930, ぽぽぽぽーん, 17635524
, , 29752624
, , 18516805
2671, あいさつの魔法。, 17404442
2323, 絵チャ, 17356284
2323, 絵チャ, 17355272
2323, 絵チャ, 17350347
4198, C82, 29104497
1029, VOCALOID亜種, 18276588
1722, 東方, 29790597
11570, Steins;Gate, 17017891
126989, フリージング, 19117074
60691, チャージマン研!, 23042164
15986, 仮面ライダーOOO, 19467961
2199, ヘタリア, 18123553
7835, インフィニット・ストラトス, 18097770
7835, インフィニット・ストラトス, 17665941
, , 18150881
, , 18959486
2634, メカ, 19498215
23358, ぽっちゃり, 27035758
23358, ぽっちゃり, 17930183
16123, 2011絵師進化録, 23505055
551, らき☆すた, 18204284
, , 17667094
, , 24400179
1722, 東方, 16598699
9535, あの日見た花の名前を僕達はまだ知らない。, 19554497
26780, さよなら絶望先生, 17665462
25544, たまごっち, 20233993
25544, たまごっち, 17472795
328286, オリたま, 17188823
310, アイドルマスター, 24677551
28898, 仮面ライダーカブト, 19242937
8549, DTB, 17500878
969, フレッシュプリキュア, 16891656
551, らき☆すた, 16470515
33783, C, 18982355
746, 版権, 26268381
, , 19509402
, , 30751423
1458, デザイン, 19929220
2634, メカ, 20093096
2634, メカ, 18600969
2634, メカ, 17258628
16420, ゆるゆり, 22273882
551, らき☆すた, 16637418
2756, とある魔術の禁書目録, 21152249
47, 裸足, 21188610
3128, むちむち, 20237994
923, イメレス, 16468166
8598, とある科学の超電磁砲, 18048821
, , 17563809
7764, 日常, 21649617
1722, 東方, 19914029
6, オリジナル, 19410716
9535, あの日見た花の名前を僕達はまだ知らない。, 23767825
3, 百合, 18921966
1507, パロディ, 17775723
1507, パロディ, 17432050
1507, パロディ, 17309484
1507, パロディ, 16811442
1507, パロディ, 16621674
1507, パロディ, 16449357
1722, 東方, 23641435
11570, Steins;Gate, 18956734
, , 17930283
, , 27114873
60691, チャージマン研!, 23976591
2644, TIGER&BUNNY, 20989035
, , 18314509
17508, ときめきメモリアル4, 18662624
74383, ザマギ, 17039533
, , 16235810
834, ポケモン, 30459926
8642, スマイルプリキュア, 30517620
2671, あいさつの魔法。, 17807242
1722, 東方, 18998142
1722, 東方, 18700668
1722, 東方, 16917771
1243, けいおん!, 29509689
1243, けいおん!, 17208198
10534, リリカルなのは, 16958111
, , 18429638
10838, 三橋廉, 19420634
818, 塗ってもいいのよ, 17781239
1243, けいおん!, 16758280
10534, リリカルなのは, 16837204
754, らくがき, 18326619
9882, ひだまりスケッチ, 16552567
1722, 東方, 16273377
36743, ヒカルの碁, 28974939
, , 29982902
3, 百合, 28977996
, , 18524465
12064, 【企画】誕生日、祝ってほしくなんかないんだからね!!, 17881163
228, 漫画, 21078933
10558, iPad, 22124503
1024, 護法少女ソワカちゃん, 16302916
, , 18309746
, , 29070891
1178, パンツ, 25879300
3, 百合, 27193525
, , 27192120
51, 眼鏡, 19283831
7764, 日常, 18804257
, , 18339230
3117, サークルカット, 19358765
, , 18102477
20807, ロゴ, 24554174
20807, ロゴ, 24255737
12062, イナズマイレブン, 20533771
, , 18550360
, , 25207852
3121, 化物語, 16897550
6, オリジナル, 30200905
3184, 戯言シリーズ, 17522452
15687, 版権物, 24349353
834, ポケモン, 16762990
310, アイドルマスター, 21444983
18444, TOG, 19878528
291, 初音ミク, 22350803
9021, SC55, 26551854
, , 20053605
, , 17106147
1722, 東方, 16693599
551, らき☆すた, 17886406
, , 22545054
9903, 咎狗の血, 18948526
12064, 【企画】誕生日、祝ってほしくなんかないんだからね!!, 25758192
, , 18725313
, , 25986242
, , 25558137
, , 16735709
12848, Fate/Zero, 22707578
12848, Fate/Zero, 22682245
12848, Fate/Zero, 22623100
8440, メイキング, 19173717
, , 19019907
23919, ゲッターロボ, 18357210
8652, ストライクウィッチーズ, 21126243
8652, ストライクウィッチーズ, 18967928
, , 30606639
, , 30513841
, , 24766784
, , 19539791
9156, TRPG, 27345369
1969, ガンダム00, 17837625
16100, マカロン, 18190342
3121, 化物語, 20797219
1722, 東方, 17305462
12777, ジョジョ, 18501373
, , 25228264
298, うみねこのなく頃に, 17132735
2564, 東日本大震災, 17639871
8642, スマイルプリキュア, 25779161
918, アナログ, 18941338
, , 29134829
, , 18574568
8642, スマイルプリキュア, 27748226
17535, 早川あおい, 17547109
2323, 絵チャ, 16987777
551, らき☆すた, 16419362
2242, 銀魂, 17032813
14247, パーマン, 29436577
10698, DOGDAYS, 18836967
3, 百合, 29344430
, , 27055739
1722, 東方, 22348808
1722, 東方, 22312193
, , 18741734
, , 18505107
, , 18498301
4198, C82, 29241314
3117, サークルカット, 19358243
945, ドラえもん, 18315307
16325, サザエさん, 17896104
, , 18639972
2278, MGS, 18220531
1722, 東方, 17394323
11570, Steins;Gate, 18599609
11570, Steins;Gate, 17325979
13260, 仮面ライダーW, 16831561
2644, TIGER&BUNNY, 19799043
2644, TIGER&BUNNY, 19449282
2644, TIGER&BUNNY, 19346463
2644, TIGER&BUNNY, 19299592
2505, コブラ, 19222482
1494, ドット絵, 19126746
, , 18791193
, , 18774256
, , 18773656
, , 25919924
1722, 東方, 19344740
, , 18447628
, , 19014147
, , 27356938
12678, 消しゴムはんこ, 21901013
, , 22664431
10159, STARDRIVER, 18048765
1243, けいおん!, 17142453
1722, 東方, 24012058
8642, スマイルプリキュア, 30176779
131233, うぽって!!, 28516447
3, 百合, 26315233
65101, パパのいうことを聞きなさい!, 26062827
65101, パパのいうことを聞きなさい!, 25543800
65101, パパのいうことを聞きなさい!, 25175860
, , 17047126
7065, なにこれこわい, 19910829
10534, リリカルなのは, 17152110
10534, リリカルなのは, 16627377
, , 17693492
, , 27320747
754, らくがき, 18755544
, , 17382317
224, ペルソナ4, 19250953
3197, ペルソナ, 17805655
228, 漫画, 23249568
9882, ひだまりスケッチ, 17470105
13556, FSS, 21284081
907, モンハン, 19951870
7835, インフィニット・ストラトス, 18872688
, , 18354439
, , 24823161
16890, ゆめにっき, 25960112
16890, ゆめにっき, 24230503
16890, ゆめにっき, 24181823
16890, ゆめにっき, 24133684
16890, ゆめにっき, 22143097
16890, ゆめにっき, 20255720
16890, ゆめにっき, 20131750
, , 17489969
3320, ニトロプラス, 18734994
310, アイドルマスター, 17155570
11441, テイルズ, 19850163
, , 18325018
12113, クロノクロス, 18334777
, , 19306437
1722, 東方, 23332981
12938, リトルバスターズ!, 17869897
, , 30439292
1722, 東方, 18564627
11570, Steins;Gate, 20157114
, , 19195391
1243, けいおん!, 20824036
10534, リリカルなのは, 16864087
, , 19120320
, , 17925862
, , 17664980
288, P1グランプリ2011, 21201359
20807, ロゴ, 17759959
, , 18895999
, , 18895918
12938, リトルバスターズ!, 29392616
2684, AngelBeats!, 21395323
7691, サンクリ, 24423966
3117, サークルカット, 24153963
, , 21048670
1494, ドット絵, 19281168
, , 24708861
540, 4コマ漫画, 18901022
, , 18744969
310, アイドルマスター, 19767622
18306, BLAME!, 18307795
9620, アメコミ, 18098457
2671, あいさつの魔法。, 17551333
11570, Steins;Gate, 21696437
1506, ガンダム, 23281101
15052, Another, 26599682
, , 18342582
818, 塗ってもいいのよ, 17370302
738, FEZ, 15993705
1722, 東方, 16998269
, , 19546653
6, オリジナル, 24295214
4309, あの夏で待ってる, 26005454
515, マクロスF, 18562998
14290, 遊戯王OCG, 19484225
, , 29194665
3117, サークルカット, 19358428
, , 18111712
, , 17841035
1722, 東方, 19124113
, , 25778707
, , 17418745
, , 18326181
, , 25291690
12728, アイドルマスターシンデレラガールズ, 29293047
16749, 岩倉玲音, 18891305
11570, Steins;Gate, 20189816
23919, ゲッターロボ, 22578887
1506, ガンダム, 19892996
228, 漫画, 25775772
3203, スク水, 20821409
310, アイドルマスター, 23347263
, , 22027969
2684, AngelBeats!, 18549235
9420, カービィ, 16445092
, , 23850768
, , 16991349
3, 百合, 27592769
310, アイドルマスター, 30515937
1243, けいおん!, 16384035
1722, 東方, 17213812
1494, ドット絵, 29306282
1494, ドット絵, 25289778
1494, ドット絵, 19731821
803, 線画, 18350751
887, ゲーム, 26843707
1722, 東方, 17221987
, , 19899840
, , 18371644
, , 30167964
, , 16886427
, , 17804249
1243, けいおん!, 27321450
1243, けいおん!, 27301717
9882, ひだまりスケッチ, 21377955
12101, よんでますよ、アザゼルさん。, 19647164
3137, めだかボックス, 26103416
818, 塗ってもいいのよ, 17105878
, , 24353727
27083, 君が望む永遠, 17530318
35724, レベルE, 17283826
1722, 東方, 19380490
1722, 東方, 19361578
1722, 東方, 19314573
1722, 東方, 19211128
1722, 東方, 19186624
1722, 東方, 19164242
1722, 東方, 19142082
1722, 東方, 19121166
1722, 東方, 19033676
1722, 東方, 18651680
1722, 東方, 18608101
1722, 東方, 18573510
1722, 東方, 18526689
12193, ベジ絵のススメ, 29602067
8667, 侵略!イカ娘, 16496134
, , 16941478
13260, 仮面ライダーW, 20332029
1722, 東方, 18922862
1722, 東方, 18865121
803, 線画, 18256952
7752, 尻神様, 17654885
291, 初音ミク, 16478916
3312, 性転換, 16199236
, , 17782178
, , 25516706
3238, マブラヴ, 24235492
1722, 東方, 18351736
992, Zガンダム, 21926583
1008, ハートキャッチプリキュア, 18544947
, , 29900514
16, 女の子, 27562636
16, 女の子, 26810063
16, 女の子, 26809869
, , 19283818
7835, インフィニット・ストラトス, 17062107
, , 17532598
23077, 平野耕太, 18626222
918, アナログ, 18641666
, , 30182671
, , 25229366
, , 30672198
1506, ガンダム, 17903711
558, 3D, 16986922
1722, 東方, 16625607
874, ポップン, 17978259
568, バカとテストと召喚獣, 21859507
7835, インフィニット・ストラトス, 17694977
1722, 東方, 20755702
, , 29257389
551, らき☆すた, 17157643
, , 24673222
3117, サークルカット, 24887262
74551, 膨腹, 20760141
74551, 膨腹, 19888841
161, 企画目録, 18324742
, , 16475893
, , 18241736
7835, インフィニット・ストラトス, 17179303
8502, ARIA, 19225836
12772, マリア様がみてる, 19473967
12772, マリア様がみてる, 17177266
20163, 輪廻のラグランジェ, 25260844
16617, 花咲くいろは, 20942992
23358, ぽっちゃり, 17746038
, , 18144079
, , 16869759
, , 16411758
, , 16251166
, , 16119384
, , 17635117
731, 告知, 23256534
1722, 東方, 22882040
551, らき☆すた, 16966281
551, らき☆すた, 16910110
, , 16600116
